{
    "d": {
        "NSE:SBIN-EQ": {
            "totalbuyqty": 0,
            "totalsellqty": 1030,
            "ask": [
                {
                    "price": 821.15,
                    "volume": 1030,
                    "ord": 18
                },
                {
                    "price": 0,
                    "volume": 0,
                    "ord": 0
                },
                {
                    "price": 0,
                    "volume": 0,
                    "ord": 0
                },
                {
                    "price": 0,
                    "volume": 0,
                    "ord": 0
                },
                {
                    "price": 0,
                    "volume": 0,
                    "ord": 0
                }
            ],
            "bids": [
                {
                    "price": 0,
                    "volume": 0,
                    "ord": 0
                },
                {
                    "price": 0,
                    "volume": 0,
                    "ord": 0
                },
                {
                    "price": 0,
                    "volume": 0,
                    "ord": 0
                },
                {
                    "price": 0,
                    "volume": 0,
                    "ord": 0
                },
                {
                    "price": 0,
                    "volume": 0,
                    "ord": 0
                }
            ],
            "o": 817.3,
            "h": 824,
            "l": 812.2,
            "c": 812,
            "chp": 1.13,
            "tick_Size": 0.05,
            "ch": 9.15,
            "ltq": 8,
            "ltt": 1734949701,
            "ltp": 821.15,
            "v": 4933200,
            "atp": 820.11,
            "lower_ckt": 739.05,
            "upper_ckt": 903.25,
            "expiry": "",
            "oi": 0,
            "oiflag": "False",
            "pdoi": 0,
            "oipercent": 0
        }
    },
    "message": "Success",
    "s": "ok"
}